{
  "dataset": {
    "n_edges_subset": 247247,
    "subset_pos_rate": 0.039931728190837505,
    "n_accounts": 221207,
    "n_train_nodes": 176966,
    "n_test_nodes": 44241,
    "n_train_edges": 158829,
    "n_test_edges": 9889,
    "n_train_pos": 6336,
    "n_test_pos": 422,
    "train_pos_rate": 0.039891958236694336,
    "test_pos_rate": 0.04267367720603943,
    "n_val_edges": 15883,
    "cat_cards": [
      14,
      14,
      19,
      19,
      8
    ],
    "smoke": false
  },
  "graphsage_bce": {
    "test_pr_auc": {
      "mean": 0.7412,
      "std": 0.0133,
      "n": 3,
      "vals": [
        0.7361,
        0.7563,
        0.7311
      ]
    },
    "test_roc_auc": {
      "mean": 0.934,
      "std": 0.0056,
      "n": 3,
      "vals": [
        0.9338,
        0.9397,
        0.9286
      ]
    },
    "test_recall70": {
      "mean": 0.7101,
      "std": 0.0068,
      "n": 3,
      "vals": [
        0.718,
        0.7062,
        0.7062
      ]
    },
    "test_precision70": {
      "mean": 0.5641,
      "std": 0.0688,
      "n": 3,
      "vals": [
        0.5242,
        0.6436,
        0.5246
      ]
    },
    "test_f1_at70": {
      "mean": 0.6271,
      "std": 0.0401,
      "n": 3,
      "vals": [
        0.606,
        0.6734,
        0.602
      ]
    },
    "test_best_f1": {
      "mean": 0.7042,
      "std": 0.0071,
      "n": 3,
      "vals": [
        0.7031,
        0.7117,
        0.6977
      ]
    }
  },
  "graphsage_focal": {
    "test_pr_auc": {
      "mean": 0.7364,
      "std": 0.0084,
      "n": 3,
      "vals": [
        0.7441,
        0.7376,
        0.7274
      ]
    },
    "test_roc_auc": {
      "mean": 0.9249,
      "std": 0.0065,
      "n": 3,
      "vals": [
        0.9291,
        0.9282,
        0.9175
      ]
    },
    "test_recall70": {
      "mean": 0.7077,
      "std": 0.0068,
      "n": 3,
      "vals": [
        0.7038,
        0.7156,
        0.7038
      ]
    },
    "test_precision70": {
      "mean": 0.5779,
      "std": 0.0677,
      "n": 3,
      "vals": [
        0.6373,
        0.5922,
        0.5042
      ]
    },
    "test_f1_at70": {
      "mean": 0.6348,
      "std": 0.0423,
      "n": 3,
      "vals": [
        0.6689,
        0.6481,
        0.5875
      ]
    },
    "test_best_f1": {
      "mean": 0.7308,
      "std": 0.0043,
      "n": 3,
      "vals": [
        0.7353,
        0.7267,
        0.7303
      ]
    }
  },
  "xgboost": {
    "test_pr_auc": {
      "mean": 0.2881,
      "std": 0.0058,
      "n": 2,
      "vals": [
        0.284,
        0.2922
      ]
    },
    "test_roc_auc": {
      "mean": 0.7906,
      "std": 0.0012,
      "n": 2,
      "vals": [
        0.7898,
        0.7915
      ]
    },
    "test_recall70": {
      "mean": 0.7417,
      "std": 0.0436,
      "n": 2,
      "vals": [
        0.7109,
        0.7725
      ]
    },
    "test_precision70": {
      "mean": 0.0893,
      "std": 0.0113,
      "n": 2,
      "vals": [
        0.0973,
        0.0813
      ]
    },
    "test_f1_at70": {
      "mean": 0.1592,
      "std": 0.017,
      "n": 2,
      "vals": [
        0.1712,
        0.1471
      ]
    },
    "test_best_f1": {
      "mean": 0.3174,
      "std": 0.0023,
      "n": 2,
      "vals": [
        0.3157,
        0.319
      ]
    }
  },
  "focal_vs_bce_prauc": {
    "t": 0.527,
    "df": 3.4,
    "p": 0.6309
  },
  "focal_vs_bce_prec70": {
    "t": -0.247,
    "df": 4.0,
    "p": 0.8171
  },
  "sage_vs_xgb_prauc": {
    "t": 76.667,
    "df": 3.5,
    "p": 0.0
  },
  "bce_arch_search": [
    {
      "exp_id": "bce-b1",
      "sage_layers": 2,
      "hidden": 128,
      "edge_mlp": 2,
      "dropout": 0.3,
      "val_pr_auc": 0.9707,
      "test_pr_auc": 0.682,
      "prec70": 0.3688
    },
    {
      "exp_id": "bce-b2",
      "sage_layers": 3,
      "hidden": 128,
      "edge_mlp": 2,
      "dropout": 0.3,
      "val_pr_auc": 0.9817,
      "test_pr_auc": 0.7361,
      "prec70": 0.5242
    },
    {
      "exp_id": "bce-b3",
      "sage_layers": 2,
      "hidden": 64,
      "edge_mlp": 2,
      "dropout": 0.3,
      "val_pr_auc": 0.9658,
      "test_pr_auc": 0.685,
      "prec70": 0.3802
    },
    {
      "exp_id": "bce-b4",
      "sage_layers": 2,
      "hidden": 128,
      "edge_mlp": 3,
      "dropout": 0.3,
      "val_pr_auc": 0.9796,
      "test_pr_auc": 0.7088,
      "prec70": 0.4523
    },
    {
      "exp_id": "bce-b5",
      "sage_layers": 2,
      "hidden": 128,
      "edge_mlp": 2,
      "dropout": 0.5,
      "val_pr_auc": 0.9717,
      "test_pr_auc": 0.6953,
      "prec70": 0.4334
    }
  ],
  "focal_search": [
    {
      "exp_id": "foc-a",
      "alpha": 0.25,
      "gamma": 2.0,
      "val_pr_auc": 0.9753,
      "test_pr_auc": 0.7136,
      "prec70": 0.395
    },
    {
      "exp_id": "foc-b",
      "alpha": 0.5,
      "gamma": 2.0,
      "val_pr_auc": 0.982,
      "test_pr_auc": 0.7441,
      "prec70": 0.6373
    },
    {
      "exp_id": "foc-c",
      "alpha": 0.75,
      "gamma": 2.0,
      "val_pr_auc": 0.9782,
      "test_pr_auc": 0.7424,
      "prec70": 0.5134
    },
    {
      "exp_id": "foc-d",
      "alpha": 0.25,
      "gamma": 1.0,
      "val_pr_auc": 0.9635,
      "test_pr_auc": 0.6826,
      "prec70": null
    },
    {
      "exp_id": "foc-e",
      "alpha": 0.25,
      "gamma": 3.0,
      "val_pr_auc": 0.9779,
      "test_pr_auc": 0.7286,
      "prec70": 0.3481
    }
  ]
}